Train No,Train Name,SEQ,Station Code,Station Name,Arrival time,Departure Time,Distance,Source Station,Source Station Name,Destination Station,Destination Station Name
12608,SBC-MAS LALB,1,SBC,KRANTIVIRA S,6:30:00,6:30:00,0,SBC,KRANTIVIRA SANGOLLI RAYANNA (BENGALURU STATION),MAS,CHENNAI CENTRAL
12608,SBC-MAS LALB,2,BNC,BANGALORE CA,6:40:00,6:42:00,4,SBC,KRANTIVIRA SANGOLLI RAYANNA (BENGALURU STATION),MAS,CHENNAI CENTRAL
12608,SBC-MAS LALB,3,KJM,KRISHNA RAJA,6:51:00,6:53:00,14,SBC,KRANTIVIRA SANGOLLI RAYANNA (BENGALURU STATION),MAS,CHENNAI CENTRAL
12608,SBC-MAS LALB,4,BWT,BANGARPET JN,7:33:00,7:35:00,70,SBC,KRANTIVIRA SANGOLLI RAYANNA (BENGALURU STATION),MAS,CHENNAI CENTRAL
12608,SBC-MAS LALB,5,KPN,KUPPAM,8:02:00,8:03:00,104,SBC,KRANTIVIRA SANGOLLI RAYANNA (BENGALURU STATION),MAS,CHENNAI CENTRAL
12608,SBC-MAS LALB,6,JTJ,JOLARPETTAI,8:44:00,8:45:00,148,SBC,KRANTIVIRA SANGOLLI RAYANNA (BENGALURU STATION),MAS,CHENNAI CENTRAL
12608,SBC-MAS LALB,7,AB,AMBUR,9:08:00,9:10:00,179,SBC,KRANTIVIRA SANGOLLI RAYANNA (BENGALURU STATION),MAS,CHENNAI CENTRAL
12608,SBC-MAS LALB,8,KPD,KATPADI JN,9:48:00,9:50:00,231,SBC,KRANTIVIRA SANGOLLI RAYANNA (BENGALURU STATION),MAS,CHENNAI CENTRAL
12608,SBC-MAS LALB,9,WJR,WALAJAH ROAD,10:08:00,10:10:00,256,SBC,KRANTIVIRA SANGOLLI RAYANNA (BENGALURU STATION),MAS,CHENNAI CENTRAL
12608,SBC-MAS LALB,10,SHU,SHOLINGUR,10:18:00,10:20:00,271,SBC,KRANTIVIRA SANGOLLI RAYANNA (BENGALURU STATION),MAS,CHENNAI CENTRAL
12608,SBC-MAS LALB,11,AJJ,ARAKKONAM JN,10:43:00,10:45:00,292,SBC,KRANTIVIRA SANGOLLI RAYANNA (BENGALURU STATION),MAS,CHENNAI CENTRAL
12608,SBC-MAS LALB,12,PER,PERAMBUR,11:33:00,11:35:00,355,SBC,KRANTIVIRA SANGOLLI RAYANNA (BENGALURU STATION),MAS,CHENNAI CENTRAL
12608,SBC-MAS LALB,13,MAS,CHENNAI CENT,12:15:00,12:15:00,361,SBC,KRANTIVIRA SANGOLLI RAYANNA (BENGALURU STATION),MAS,CHENNAI CENTRAL
1011,CSMT-NGP SF,1,CSMT,CST-MUMBAI,0:20:00,0:20:00,0,CSMT,CST-MUMBAI,NGP,NAGPUR JN.(CR)
1011,CSMT-NGP SF,2,DR,DADAR,0:37:00,0:40:00,8,CSMT,CST-MUMBAI,NGP,NAGPUR JN.(CR)
1011,CSMT-NGP SF,3,TNA,THANE,1:07:00,1:10:00,33,CSMT,CST-MUMBAI,NGP,NAGPUR JN.(CR)
1011,CSMT-NGP SF,4,KYN,KALYAN JN,1:32:00,1:35:00,53,CSMT,CST-MUMBAI,NGP,NAGPUR JN.(CR)
1011,CSMT-NGP SF,5,IGP,IGATPURI,3:40:00,3:45:00,136,CSMT,CST-MUMBAI,NGP,NAGPUR JN.(CR)
1011,CSMT-NGP SF,6,NK,NASIK ROAD,4:27:00,4:30:00,187,CSMT,CST-MUMBAI,NGP,NAGPUR JN.(CR)
1011,CSMT-NGP SF,7,MMR,MANMAD JN.,5:27:00,5:30:00,260,CSMT,CST-MUMBAI,NGP,NAGPUR JN.(CR)
1011,CSMT-NGP SF,8,JL,JALGAON JN.,7:08:00,7:10:00,419,CSMT,CST-MUMBAI,NGP,NAGPUR JN.(CR)
1011,CSMT-NGP SF,9,BSL,BHUSAVAL JN.,7:35:00,7:45:00,444,CSMT,CST-MUMBAI,NGP,NAGPUR JN.(CR)
1011,CSMT-NGP SF,10,MKU,MALKAPUR,8:18:00,8:20:00,499,CSMT,CST-MUMBAI,NGP,NAGPUR JN.(CR)
1011,CSMT-NGP SF,11,SEG,SHEGAON,8:58:00,9:00:00,551,CSMT,CST-MUMBAI,NGP,NAGPUR JN.(CR)
1011,CSMT-NGP SF,12,AK,AKOLA JN.,9:25:00,9:28:00,588,CSMT,CST-MUMBAI,NGP,NAGPUR JN.(CR)
1011,CSMT-NGP SF,13,MZR,MURTAJAPUR J,10:02:00,10:05:00,626,CSMT,CST-MUMBAI,NGP,NAGPUR JN.(CR)
1011,CSMT-NGP SF,14,BD,BADNERA JN.,11:02:00,11:05:00,667,CSMT,CST-MUMBAI,NGP,NAGPUR JN.(CR)
1011,CSMT-NGP SF,15,DMN,DHAMANGAON,11:41:00,11:42:00,713,CSMT,CST-MUMBAI,NGP,NAGPUR JN.(CR)
1011,CSMT-NGP SF,16,PLO,PULGAON JN.,11:58:00,11:59:00,733,CSMT,CST-MUMBAI,NGP,NAGPUR JN.(CR)
1011,CSMT-NGP SF,17,WR,WARDHA JN.,12:32:00,12:35:00,762,CSMT,CST-MUMBAI,NGP,NAGPUR JN.(CR)
1011,CSMT-NGP SF,18,NGP,NAGPUR JN.(C,14:20:00,14:20:00,841,CSMT,CST-MUMBAI,NGP,NAGPUR JN.(CR)
2731,HYB-JP HSP,1,HYB,HYDERABAD DE,16:25:00,16:25:00,0,HYB,HYDERABAD DECCAN,JP,JAIPUR JN.
2731,HYB-JP HSP,2,SC,SECUNDERABAD,16:55:00,17:00:00,10,HYB,HYDERABAD DECCAN,JP,JAIPUR JN.
2731,HYB-JP HSP,3,MED,MEDCHAL,17:39:00,17:40:00,37,HYB,HYDERABAD DECCAN,JP,JAIPUR JN.
2731,HYB-JP HSP,4,KMC,KAMAREDDI,19:19:00,19:20:00,118,HYB,HYDERABAD DECCAN,JP,JAIPUR JN.
2731,HYB-JP HSP,5,NZB,NIZAMABAD,20:20:00,20:22:00,170,HYB,HYDERABAD DECCAN,JP,JAIPUR JN.
2731,HYB-JP HSP,6,DAB,DHARMABAD,21:00:00,21:01:00,209,HYB,HYDERABAD DECCAN,JP,JAIPUR JN.
2731,HYB-JP HSP,7,MUE,MUDKHED JN.,22:43:00,22:45:00,259,HYB,HYDERABAD DECCAN,JP,JAIPUR JN.
2731,HYB-JP HSP,8,NED,NANDED,0:01:00,0:10:00,281,HYB,HYDERABAD DECCAN,JP,JAIPUR JN.
2731,HYB-JP HSP,9,PAU,PURNA  JN.,0:40:00,1:00:00,311,HYB,HYDERABAD DECCAN,JP,JAIPUR JN.
2731,HYB-JP HSP,10,BMF,BASMAT,1:20:00,1:21:00,334,HYB,HYDERABAD DECCAN,JP,JAIPUR JN.
2731,HYB-JP HSP,11,HNL,HINGOLI(DECC,2:05:00,2:07:00,392,HYB,HYDERABAD DECCAN,JP,JAIPUR JN.
2731,HYB-JP HSP,12,WHM,WASHIM,3:00:00,3:01:00,439,HYB,HYDERABAD DECCAN,JP,JAIPUR JN.
2731,HYB-JP HSP,13,AK,AKOLA JN.,4:20:00,4:30:00,518,HYB,HYDERABAD DECCAN,JP,JAIPUR JN.
2731,HYB-JP HSP,14,MKU,MALKAPUR,5:28:00,5:30:00,608,HYB,HYDERABAD DECCAN,JP,JAIPUR JN.
2731,HYB-JP HSP,15,BAU,BURHANPUR,6:50:00,6:52:00,718,HYB,HYDERABAD DECCAN,JP,JAIPUR JN.
2731,HYB-JP HSP,16,KNW,KHANDWA JN.,9:20:00,9:25:00,787,HYB,HYDERABAD DECCAN,JP,JAIPUR JN.
2731,HYB-JP HSP,17,ET,ITARSI,12:30:00,12:35:00,970,HYB,HYDERABAD DECCAN,JP,JAIPUR JN.
2731,HYB-JP HSP,18,BPL,BHOPAL,14:25:00,14:35:00,1062,HYB,HYDERABAD DECCAN,JP,JAIPUR JN.
2731,HYB-JP HSP,19,UJN,UJJAIN JN,17:10:00,17:20:00,1246,HYB,HYDERABAD DECCAN,JP,JAIPUR JN.
2731,HYB-JP HSP,20,NAD,NAGDA JN,18:20:00,18:22:00,1301,HYB,HYDERABAD DECCAN,JP,JAIPUR JN.
2731,HYB-JP HSP,21,RTM,RATLAM JN,19:20:00,19:45:00,1345,HYB,HYDERABAD DECCAN,JP,JAIPUR JN.
2731,HYB-JP HSP,22,MDS,MANDSOR,21:04:00,21:06:00,1429,HYB,HYDERABAD DECCAN,JP,JAIPUR JN.
2731,HYB-JP HSP,23,NMH,NIMACH,22:00:00,22:02:00,1478,HYB,HYDERABAD DECCAN,JP,JAIPUR JN.
2731,HYB-JP HSP,24,COR,CHITTAURGARH,23:20:00,23:30:00,1534,HYB,HYDERABAD DECCAN,JP,JAIPUR JN.
2731,HYB-JP HSP,25,BHL,BHILWARA,0:30:00,0:35:00,1588,HYB,HYDERABAD DECCAN,JP,JAIPUR JN.
2731,HYB-JP HSP,26,AII,AJMER JN.,3:05:00,3:20:00,1720,HYB,HYDERABAD DECCAN,JP,JAIPUR JN.
2731,HYB-JP HSP,27,KSG,KISHANGARH,3:48:00,3:50:00,1749,HYB,HYDERABAD DECCAN,JP,JAIPUR JN.
2731,HYB-JP HSP,28,FL,PHULERA JN.,4:40:00,4:45:00,1800,HYB,HYDERABAD DECCAN,JP,JAIPUR JN.
2731,HYB-JP HSP,29,JP,JAIPUR JN.,6:25:00,6:25:00,1854,HYB,HYDERABAD DECCAN,JP,JAIPUR JN.
2841,SRC MAS SPL,1,SRC,SANTRAGACHI,12:40:00,12:40:00,0,SRC,SANTRAGACHI JN.,MAS,CHENNAI CENTRAL
2841,SRC MAS SPL,2,KGP,KHARAGPUR,14:25:00,14:30:00,107,SRC,SANTRAGACHI JN.,MAS,CHENNAI CENTRAL
2841,SRC MAS SPL,3,BHC,BHADRAKH,17:28:00,17:30:00,290,SRC,SANTRAGACHI JN.,MAS,CHENNAI CENTRAL
2841,SRC MAS SPL,4,CTC,CUTTACK JN.,18:45:00,18:47:00,406,SRC,SANTRAGACHI JN.,MAS,CHENNAI CENTRAL
2841,SRC MAS SPL,5,BBS,BHUBANESWAR,19:20:00,19:25:00,433,SRC,SANTRAGACHI JN.,MAS,CHENNAI CENTRAL
2841,SRC MAS SPL,6,KUR,KHURDA ROAD,19:50:00,20:00:00,452,SRC,SANTRAGACHI JN.,MAS,CHENNAI CENTRAL
2841,SRC MAS SPL,7,VSKP,VISAKHAPATNA,2:05:00,2:35:00,875,SRC,SANTRAGACHI JN.,MAS,CHENNAI CENTRAL
2841,SRC MAS SPL,8,DVD,DUVVADA,3:03:00,3:05:00,893,SRC,SANTRAGACHI JN.,MAS,CHENNAI CENTRAL
2841,SRC MAS SPL,9,RJY,RAJAHMUNDRY,5:22:00,5:24:00,1076,SRC,SANTRAGACHI JN.,MAS,CHENNAI CENTRAL
2841,SRC MAS SPL,10,BZA,VIJAYWADA JN,7:50:00,8:00:00,1226,SRC,SANTRAGACHI JN.,MAS,CHENNAI CENTRAL
2841,SRC MAS SPL,11,NLR,NELLORE,11:00:00,11:02:00,1480,SRC,SANTRAGACHI JN.,MAS,CHENNAI CENTRAL
2841,SRC MAS SPL,12,MAS,CHENNAI CENT,15:20:00,15:20:00,1656,SRC,SANTRAGACHI JN.,MAS,CHENNAI CENTRAL
11301,UDYAN EXPRES,1,CSMT,CST-MUMBAI,8:10:00,8:10:00,0,CSMT,CST-MUMBAI,SBC,KRANTIVIRA SANGOLLI RAYANNA (BENGALURU STATION)
11301,UDYAN EXPRES,2,DR,DADAR,8:22:00,8:25:00,8,CSMT,CST-MUMBAI,SBC,KRANTIVIRA SANGOLLI RAYANNA (BENGALURU STATION)
11301,UDYAN EXPRES,3,KYN,KALYAN JN,9:02:00,9:05:00,53,CSMT,CST-MUMBAI,SBC,KRANTIVIRA SANGOLLI RAYANNA (BENGALURU STATION)
11301,UDYAN EXPRES,4,LNL,LONAVLA,10:32:00,10:35:00,127,CSMT,CST-MUMBAI,SBC,KRANTIVIRA SANGOLLI RAYANNA (BENGALURU STATION)
11301,UDYAN EXPRES,5,PUNE,PUNE JN.,11:40:00,11:45:00,191,CSMT,CST-MUMBAI,SBC,KRANTIVIRA SANGOLLI RAYANNA (BENGALURU STATION)
11301,UDYAN EXPRES,6,URI,URULI,12:14:00,12:15:00,219,CSMT,CST-MUMBAI,SBC,KRANTIVIRA SANGOLLI RAYANNA (BENGALURU STATION)
11301,UDYAN EXPRES,7,DD,DAUND JN.,13:00:00,13:10:00,269,CSMT,CST-MUMBAI,SBC,KRANTIVIRA SANGOLLI RAYANNA (BENGALURU STATION)
11301,UDYAN EXPRES,8,KWV,KURDUVADI JN,14:58:00,15:00:00,378,CSMT,CST-MUMBAI,SBC,KRANTIVIRA SANGOLLI RAYANNA (BENGALURU STATION)
11301,UDYAN EXPRES,9,SUR,SOLAPUR,16:05:00,16:15:00,456,CSMT,CST-MUMBAI,SBC,KRANTIVIRA SANGOLLI RAYANNA (BENGALURU STATION)
11301,UDYAN EXPRES,10,AKOR,AKALKOT ROAD,16:48:00,16:50:00,492,CSMT,CST-MUMBAI,SBC,KRANTIVIRA SANGOLLI RAYANNA (BENGALURU STATION)
11301,UDYAN EXPRES,11,DUD,DUDHANI,17:13:00,17:15:00,520,CSMT,CST-MUMBAI,SBC,KRANTIVIRA SANGOLLI RAYANNA (BENGALURU STATION)
11301,UDYAN EXPRES,12,GUR,GANGAPUR ROA,17:43:00,17:45:00,543,CSMT,CST-MUMBAI,SBC,KRANTIVIRA SANGOLLI RAYANNA (BENGALURU STATION)
11301,UDYAN EXPRES,13,GR,GULBARGA,18:39:00,18:44:00,569,CSMT,CST-MUMBAI,SBC,KRANTIVIRA SANGOLLI RAYANNA (BENGALURU STATION)
11301,UDYAN EXPRES,14,SDB,SHAHABAD,19:08:00,19:10:00,596,CSMT,CST-MUMBAI,SBC,KRANTIVIRA SANGOLLI RAYANNA (BENGALURU STATION)
11301,UDYAN EXPRES,15,WADI,WADI JN.,19:40:00,19:45:00,606,CSMT,CST-MUMBAI,SBC,KRANTIVIRA SANGOLLI RAYANNA (BENGALURU STATION)
11301,UDYAN EXPRES,16,NW,NALWAR,19:58:00,20:00:00,619,CSMT,CST-MUMBAI,SBC,KRANTIVIRA SANGOLLI RAYANNA (BENGALURU STATION)
11301,UDYAN EXPRES,17,YG,YADGIR,20:19:00,20:20:00,645,CSMT,CST-MUMBAI,SBC,KRANTIVIRA SANGOLLI RAYANNA (BENGALURU STATION)
11301,UDYAN EXPRES,18,SADP,SAIDAPUR,20:44:00,20:45:00,668,CSMT,CST-MUMBAI,SBC,KRANTIVIRA SANGOLLI RAYANNA (BENGALURU STATION)
11301,UDYAN EXPRES,19,KSN,KRISHNA,21:14:00,21:15:00,688,CSMT,CST-MUMBAI,SBC,KRANTIVIRA SANGOLLI RAYANNA (BENGALURU STATION)
11301,UDYAN EXPRES,20,RC,RAICHUR,21:43:00,21:45:00,714,CSMT,CST-MUMBAI,SBC,KRANTIVIRA SANGOLLI RAYANNA (BENGALURU STATION)
11301,UDYAN EXPRES,21,MALM,MANTHRALAYAM,22:09:00,22:10:00,742,CSMT,CST-MUMBAI,SBC,KRANTIVIRA SANGOLLI RAYANNA (BENGALURU STATION)
11301,UDYAN EXPRES,22,AD,ADONI,22:49:00,22:50:00,783,CSMT,CST-MUMBAI,SBC,KRANTIVIRA SANGOLLI RAYANNA (BENGALURU STATION)
11301,UDYAN EXPRES,23,GTL,GUNTAKAL JN.,23:40:00,23:45:00,834,CSMT,CST-MUMBAI,SBC,KRANTIVIRA SANGOLLI RAYANNA (BENGALURU STATION)
11301,UDYAN EXPRES,24,GY,GOOTY JN.,0:14:00,0:15:00,863,CSMT,CST-MUMBAI,SBC,KRANTIVIRA SANGOLLI RAYANNA (BENGALURU STATION)
11301,UDYAN EXPRES,25,ATP,ANANTAPUR,2:38:00,2:40:00,920,CSMT,CST-MUMBAI,SBC,KRANTIVIRA SANGOLLI RAYANNA (BENGALURU STATION)
11301,UDYAN EXPRES,26,DMM,DHARMAVARAM,4:10:00,4:15:00,953,CSMT,CST-MUMBAI,SBC,KRANTIVIRA SANGOLLI RAYANNA (BENGALURU STATION)
11301,UDYAN EXPRES,27,SSPN,SRI SATYA SA,4:43:00,4:45:00,986,CSMT,CST-MUMBAI,SBC,KRANTIVIRA SANGOLLI RAYANNA (BENGALURU STATION)
11301,UDYAN EXPRES,28,PKD,PENU KONDA,5:08:00,5:09:00,1006,CSMT,CST-MUMBAI,SBC,KRANTIVIRA SANGOLLI RAYANNA (BENGALURU STATION)
11301,UDYAN EXPRES,29,HUP,HINDUPUR,5:43:00,5:45:00,1044,CSMT,CST-MUMBAI,SBC,KRANTIVIRA SANGOLLI RAYANNA (BENGALURU STATION)
11301,UDYAN EXPRES,30,GBD,GAURIBIDANUR,6:18:00,6:20:00,1067,CSMT,CST-MUMBAI,SBC,KRANTIVIRA SANGOLLI RAYANNA (BENGALURU STATION)
11301,UDYAN EXPRES,31,DBU,DODBALLAPUR,7:01:00,7:02:00,1106,CSMT,CST-MUMBAI,SBC,KRANTIVIRA SANGOLLI RAYANNA (BENGALURU STATION)
11301,UDYAN EXPRES,32,YNK,YELAHANKA JN,7:24:00,7:25:00,1127,CSMT,CST-MUMBAI,SBC,KRANTIVIRA SANGOLLI RAYANNA (BENGALURU STATION)
11301,UDYAN EXPRES,33,BNCE,BANGALORE EA,7:59:00,8:00:00,1147,CSMT,CST-MUMBAI,SBC,KRANTIVIRA SANGOLLI RAYANNA (BENGALURU STATION)
11301,UDYAN EXPRES,34,BNC,BANGALORE CA,8:10:00,8:15:00,1150,CSMT,CST-MUMBAI,SBC,KRANTIVIRA SANGOLLI RAYANNA (BENGALURU STATION)
11301,UDYAN EXPRES,35,SBC,KRANTIVIRA S,8:50:00,8:50:00,1154,CSMT,CST-MUMBAI,SBC,KRANTIVIRA SANGOLLI RAYANNA (BENGALURU STATION)
11449,JBP-SVDK EXP,1,JBP,JABALPUR,6:30:00,6:30:00,0,JBP,JABALPUR,SVDK,SHRI MATA VAISHNO DEVI KATRA
11449,JBP-SVDK EXP,2,KTE,KATNI,7:50:00,8:00:00,90,JBP,JABALPUR,SVDK,SHRI MATA VAISHNO DEVI KATRA
11449,JBP-SVDK EXP,3,DMO,DAMOH,9:38:00,9:40:00,202,JBP,JABALPUR,SVDK,SHRI MATA VAISHNO DEVI KATRA
11449,JBP-SVDK EXP,4,SGO,SAUGOR,10:40:00,10:45:00,279,JBP,JABALPUR,SVDK,SHRI MATA VAISHNO DEVI KATRA
11449,JBP-SVDK EXP,5,KYE,KHURAI,11:28:00,11:30:00,332,JBP,JABALPUR,SVDK,SHRI MATA VAISHNO DEVI KATRA
11449,JBP-SVDK EXP,6,MAKR,MALKHEDI,12:18:00,12:20:00,350,JBP,JABALPUR,SVDK,SHRI MATA VAISHNO DEVI KATRA
11449,JBP-SVDK EXP,7,JHS,JHANSI JN,14:45:00,14:55:00,498,JBP,JABALPUR,SVDK,SHRI MATA VAISHNO DEVI KATRA
11449,JBP-SVDK EXP,8,GWL,GWALIOR JN,16:10:00,16:15:00,595,JBP,JABALPUR,SVDK,SHRI MATA VAISHNO DEVI KATRA
11449,JBP-SVDK EXP,9,MRA,MORENA,16:40:00,16:42:00,634,JBP,JABALPUR,SVDK,SHRI MATA VAISHNO DEVI KATRA
11449,JBP-SVDK EXP,10,AGC,AGRA CANTT,18:25:00,18:30:00,702,JBP,JABALPUR,SVDK,SHRI MATA VAISHNO DEVI KATRA
11449,JBP-SVDK EXP,11,MTJ,MATHURA JN.,19:55:00,20:00:00,755,JBP,JABALPUR,SVDK,SHRI MATA VAISHNO DEVI KATRA
11449,JBP-SVDK EXP,12,FDB,FARIDABAD,21:39:00,21:41:00,866,JBP,JABALPUR,SVDK,SHRI MATA VAISHNO DEVI KATRA
11449,JBP-SVDK EXP,13,TKD,TUGALAKABAD,21:53:00,21:55:00,876,JBP,JABALPUR,SVDK,SHRI MATA VAISHNO DEVI KATRA
11449,JBP-SVDK EXP,14,OKA,OKHLA,22:06:00,22:07:00,880,JBP,JABALPUR,SVDK,SHRI MATA VAISHNO DEVI KATRA
11449,JBP-SVDK EXP,15,NZM,HAZRAT NIZAM,22:15:00,22:35:00,883,JBP,JABALPUR,SVDK,SHRI MATA VAISHNO DEVI KATRA
11449,JBP-SVDK EXP,16,NDLS,NEW DELHI,23:00:00,0:10:00,891,JBP,JABALPUR,SVDK,SHRI MATA VAISHNO DEVI KATRA
11449,JBP-SVDK EXP,17,DKZ,DELHI-KISHAN,0:26:00,0:28:00,895,JBP,JABALPUR,SVDK,SHRI MATA VAISHNO DEVI KATRA
11449,JBP-SVDK EXP,18,SSB,SHAKUR BASTI,0:42:00,0:44:00,902,JBP,JABALPUR,SVDK,SHRI MATA VAISHNO DEVI KATRA
11449,JBP-SVDK EXP,19,BGZ,BAHADURGARH,1:00:00,1:02:00,922,JBP,JABALPUR,SVDK,SHRI MATA VAISHNO DEVI KATRA
11449,JBP-SVDK EXP,20,ROK,ROHTAK JN.,1:37:00,1:40:00,962,JBP,JABALPUR,SVDK,SHRI MATA VAISHNO DEVI KATRA
11449,JBP-SVDK EXP,21,JIND,JIND JN,2:35:00,2:40:00,1019,JBP,JABALPUR,SVDK,SHRI MATA VAISHNO DEVI KATRA
11449,JBP-SVDK EXP,22,NRW,NARWANA JN.,3:06:00,3:08:00,1053,JBP,JABALPUR,SVDK,SHRI MATA VAISHNO DEVI KATRA
11449,JBP-SVDK EXP,23,JHL,JAKHAL JN.,4:00:00,4:05:00,1091,JBP,JABALPUR,SVDK,SHRI MATA VAISHNO DEVI KATRA
11449,JBP-SVDK EXP,24,SFMU,SUNAM,4:42:00,4:44:00,1129,JBP,JABALPUR,SVDK,SHRI MATA VAISHNO DEVI KATRA
11449,JBP-SVDK EXP,25,SAG,SANGRUR,4:56:00,4:58:00,1141,JBP,JABALPUR,SVDK,SHRI MATA VAISHNO DEVI KATRA
11449,JBP-SVDK EXP,26,DUI,DHURI JN.,5:30:00,5:35:00,1157,JBP,JABALPUR,SVDK,SHRI MATA VAISHNO DEVI KATRA
11449,JBP-SVDK EXP,27,LDH,LUDHIANA JN.,7:00:00,7:10:00,1219,JBP,JABALPUR,SVDK,SHRI MATA VAISHNO DEVI KATRA
11449,JBP-SVDK EXP,28,JRC,JALANDHAR CA,8:10:00,8:15:00,1271,JBP,JABALPUR,SVDK,SHRI MATA VAISHNO DEVI KATRA
11449,JBP-SVDK EXP,29,DZA,DASUA,9:06:00,9:08:00,1329,JBP,JABALPUR,SVDK,SHRI MATA VAISHNO DEVI KATRA
11449,JBP-SVDK EXP,30,PTKC,PATHANKOT CA,10:15:00,10:20:00,1384,JBP,JABALPUR,SVDK,SHRI MATA VAISHNO DEVI KATRA
11449,JBP-SVDK EXP,31,KTHU,KATHUA,10:58:00,11:00:00,1407,JBP,JABALPUR,SVDK,SHRI MATA VAISHNO DEVI KATRA
11449,JBP-SVDK EXP,32,JAT,JAMMU TAWI,13:00:00,13:10:00,1483,JBP,JABALPUR,SVDK,SHRI MATA VAISHNO DEVI KATRA
11449,JBP-SVDK EXP,33,UHP,UDHAMPUR,14:10:00,14:15:00,1536,JBP,JABALPUR,SVDK,SHRI MATA VAISHNO DEVI KATRA
11449,JBP-SVDK EXP,34,SVDK,SHRI MATA VA,15:20:00,15:20:00,1561,JBP,JABALPUR,SVDK,SHRI MATA VAISHNO DEVI KATRA
13145,KOLKATA RADH,1,KOAA,KOLKATA,19:30:00,19:30:00,0,KOAA,KOLKATA,RDP,RADHIKAPUR
13145,KOLKATA RADH,2,NH,NAIHATI JN.,20:28:00,20:30:00,33,KOAA,KOLKATA,RDP,RADHIKAPUR
13145,KOLKATA RADH,3,BDC,BANDEL JN.,20:52:00,20:54:00,42,KOAA,KOLKATA,RDP,RADHIKAPUR
13145,KOLKATA RADH,4,ABKA,AMBIKA KALNA,21:26:00,21:27:00,84,KOAA,KOLKATA,RDP,RADHIKAPUR
13145,KOLKATA RADH,5,NDAE,NABADWIP DHA,21:52:00,21:54:00,107,KOAA,KOLKATA,RDP,RADHIKAPUR
13145,KOLKATA RADH,6,KWAE,KATWA JN.,22:57:00,23:02:00,147,KOAA,KOLKATA,RDP,RADHIKAPUR
13145,KOLKATA RADH,7,SALE,SALAR,23:19:00,23:20:00,164,KOAA,KOLKATA,RDP,RADHIKAPUR
13145,KOLKATA RADH,8,KGLE,KHAGRAGHAT R,0:02:00,0:03:00,205,KOAA,KOLKATA,RDP,RADHIKAPUR
13145,KOLKATA RADH,9,AZ,AZIMGANJ JN.,0:35:00,0:45:00,219,KOAA,KOLKATA,RDP,RADHIKAPUR
13145,KOLKATA RADH,10,JRLE,JANGIPUR ROA,1:14:00,1:15:00,255,KOAA,KOLKATA,RDP,RADHIKAPUR
13145,KOLKATA RADH,11,DGLE,DHULIAN GANG,1:43:00,1:44:00,284,KOAA,KOLKATA,RDP,RADHIKAPUR
13145,KOLKATA RADH,12,NFK,NEW FARAKKA,2:25:00,2:30:00,297,KOAA,KOLKATA,RDP,RADHIKAPUR
13145,KOLKATA RADH,13,MLDT,MALDA TOWN,3:25:00,3:40:00,332,KOAA,KOLKATA,RDP,RADHIKAPUR
13145,KOLKATA RADH,14,SM,SAMSI,4:09:00,4:11:00,366,KOAA,KOLKATA,RDP,RADHIKAPUR
13145,KOLKATA RADH,15,BKRD,BHALUKA ROAD,4:21:00,4:23:00,377,KOAA,KOLKATA,RDP,RADHIKAPUR
13145,KOLKATA RADH,16,HCR,HARISHCHANDR,4:32:00,4:34:00,387,KOAA,KOLKATA,RDP,RADHIKAPUR
13145,KOLKATA RADH,17,BOE,BARSOI JN.,5:07:00,5:12:00,420,KOAA,KOLKATA,RDP,RADHIKAPUR
13145,KOLKATA RADH,18,RGJ,RAIGANJ,5:35:00,5:45:00,441,KOAA,KOLKATA,RDP,RADHIKAPUR
13145,KOLKATA RADH,19,KAJ,KALIYAGANJ,6:20:00,6:22:00,461,KOAA,KOLKATA,RDP,RADHIKAPUR
13145,KOLKATA RADH,20,RDP,RADHIKAPUR,6:50:00,6:50:00,473,KOAA,KOLKATA,RDP,RADHIKAPUR
15227,YPR-MFP EXP,1,YPR,YESVANTPUR J,23:55:00,23:55:00,0,YPR,YESVANTPUR JN.,MFP,MUZAFFARPUR JN.
15227,YPR-MFP EXP,2,KJM,KRISHNA RAJA,0:33:00,0:35:00,17,YPR,YESVANTPUR JN.,MFP,MUZAFFARPUR JN.
15227,YPR-MFP EXP,3,BWT,BANGARPET JN,1:28:00,1:30:00,73,YPR,YESVANTPUR JN.,MFP,MUZAFFARPUR JN.
15227,YPR-MFP EXP,4,JTJ,JOLARPETTAI,4:15:00,4:25:00,151,YPR,YESVANTPUR JN.,MFP,MUZAFFARPUR JN.
15227,YPR-MFP EXP,5,KPD,KATPADI JN,6:30:00,7:10:00,235,YPR,YESVANTPUR JN.,MFP,MUZAFFARPUR JN.
15227,YPR-MFP EXP,6,AJJ,ARAKKONAM JN,8:03:00,8:05:00,296,YPR,YESVANTPUR JN.,MFP,MUZAFFARPUR JN.
15227,YPR-MFP EXP,7,MAS,CHENNAI CENT,9:30:00,10:00:00,364,YPR,YESVANTPUR JN.,MFP,MUZAFFARPUR JN.
15227,YPR-MFP EXP,8,BZA,VIJAYWADA JN,16:45:00,17:00:00,794,YPR,YESVANTPUR JN.,MFP,MUZAFFARPUR JN.
15227,YPR-MFP EXP,9,RJY,RAJAHMUNDRY,19:10:00,19:12:00,943,YPR,YESVANTPUR JN.,MFP,MUZAFFARPUR JN.
15227,YPR-MFP EXP,10,VSKP,VISAKHAPATNA,22:45:00,23:05:00,1144,YPR,YESVANTPUR JN.,MFP,MUZAFFARPUR JN.
15227,YPR-MFP EXP,11,VZM,VIZIANAGARAM,0:03:00,0:05:00,1205,YPR,YESVANTPUR JN.,MFP,MUZAFFARPUR JN.
15227,YPR-MFP EXP,12,CHE,SRIKAKULAM R,0:58:00,1:00:00,1274,YPR,YESVANTPUR JN.,MFP,MUZAFFARPUR JN.
15227,YPR-MFP EXP,13,PSA,PALASA,2:10:00,2:12:00,1347,YPR,YESVANTPUR JN.,MFP,MUZAFFARPUR JN.
15227,YPR-MFP EXP,14,BAM,BERHAMPUR,3:01:00,3:06:00,1421,YPR,YESVANTPUR JN.,MFP,MUZAFFARPUR JN.
15227,YPR-MFP EXP,15,BALU,BALUGAN,3:58:00,4:00:00,1497,YPR,YESVANTPUR JN.,MFP,MUZAFFARPUR JN.
15227,YPR-MFP EXP,16,KUR,KHURDA ROAD,5:15:00,5:35:00,1568,YPR,YESVANTPUR JN.,MFP,MUZAFFARPUR JN.
15227,YPR-MFP EXP,17,BBS,BHUBANESWAR,6:05:00,6:10:00,1587,YPR,YESVANTPUR JN.,MFP,MUZAFFARPUR JN.
15227,YPR-MFP EXP,18,CTC,CUTTACK JN.,6:40:00,6:45:00,1614,YPR,YESVANTPUR JN.,MFP,MUZAFFARPUR JN.
15227,YPR-MFP EXP,19,JJKR,JAJPUR KEONJ,7:38:00,7:40:00,1686,YPR,YESVANTPUR JN.,MFP,MUZAFFARPUR JN.
15227,YPR-MFP EXP,20,BHC,BHADRAKH,8:55:00,8:57:00,1729,YPR,YESVANTPUR JN.,MFP,MUZAFFARPUR JN.
15227,YPR-MFP EXP,21,BLS,BALASORE,9:41:00,9:43:00,1792,YPR,YESVANTPUR JN.,MFP,MUZAFFARPUR JN.
15227,YPR-MFP EXP,22,KGP,KHARAGPUR,11:20:00,11:35:00,1912,YPR,YESVANTPUR JN.,MFP,MUZAFFARPUR JN.
15227,YPR-MFP EXP,23,SRC,SANTRAGACHI,13:08:00,13:10:00,2021,YPR,YESVANTPUR JN.,MFP,MUZAFFARPUR JN.
15227,YPR-MFP EXP,24,HWH,HOWRAH JN.,13:55:00,14:25:00,2028,YPR,YESVANTPUR JN.,MFP,MUZAFFARPUR JN.
15227,YPR-MFP EXP,25,BHP,BOLPUR,16:23:00,16:28:00,2174,YPR,YESVANTPUR JN.,MFP,MUZAFFARPUR JN.
15227,YPR-MFP EXP,26,RPH,RAMPUR HAT,17:26:00,17:28:00,2235,YPR,YESVANTPUR JN.,MFP,MUZAFFARPUR JN.
15227,YPR-MFP EXP,27,PKR,PAKUR,18:17:00,18:19:00,2290,YPR,YESVANTPUR JN.,MFP,MUZAFFARPUR JN.
15227,YPR-MFP EXP,28,MLDT,MALDA TOWN,20:00:00,20:15:00,2356,YPR,YESVANTPUR JN.,MFP,MUZAFFARPUR JN.
15227,YPR-MFP EXP,29,KDPR,KUMEDPUR,21:03:00,21:04:00,2418,YPR,YESVANTPUR JN.,MFP,MUZAFFARPUR JN.
15227,YPR-MFP EXP,30,KIR,KATIHAR JN.,22:00:00,22:15:00,2447,YPR,YESVANTPUR JN.,MFP,MUZAFFARPUR JN.
15227,YPR-MFP EXP,31,NNA,NAUGACHIA,23:03:00,23:05:00,2504,YPR,YESVANTPUR JN.,MFP,MUZAFFARPUR JN.
15227,YPR-MFP EXP,32,KGG,KHAGARIA JN.,0:04:00,0:06:00,2571,YPR,YESVANTPUR JN.,MFP,MUZAFFARPUR JN.
15227,YPR-MFP EXP,33,BGS,BEGU SARAI,0:31:00,0:33:00,2611,YPR,YESVANTPUR JN.,MFP,MUZAFFARPUR JN.
15227,YPR-MFP EXP,34,BJU,BARAUNI JN.,1:15:00,1:25:00,2627,YPR,YESVANTPUR JN.,MFP,MUZAFFARPUR JN.
15227,YPR-MFP EXP,35,SPJ,SAMASTIPUR J,2:15:00,2:20:00,2678,YPR,YESVANTPUR JN.,MFP,MUZAFFARPUR JN.
15227,YPR-MFP EXP,36,MFP,MUZAFFARPUR,4:00:00,4:00:00,2729,YPR,YESVANTPUR JN.,MFP,MUZAFFARPUR JN.
16003,MAS-NSL WKLY,1,MAS,CHENNAI CENT,9:10:00,9:10:00,0,MAS,CHENNAI CENTRAL,NSL,NAGARSOL
16003,MAS-NSL WKLY,2,AJJ,ARAKKONAM JN,10:13:00,10:15:00,68,MAS,CHENNAI CENTRAL,NSL,NAGARSOL
16003,MAS-NSL WKLY,3,TRT,TIRUTTANI,10:33:00,10:35:00,80,MAS,CHENNAI CENTRAL,NSL,NAGARSOL
16003,MAS-NSL WKLY,4,PUT,PUTUR,11:03:00,11:05:00,113,MAS,CHENNAI CENTRAL,NSL,NAGARSOL
16003,MAS-NSL WKLY,5,RU,RENIGUNTA JN,11:30:00,11:35:00,138,MAS,CHENNAI CENTRAL,NSL,NAGARSOL
16003,MAS-NSL WKLY,6,RJP,RAZAMPETA,12:39:00,12:40:00,213,MAS,CHENNAI CENTRAL,NSL,NAGARSOL
16003,MAS-NSL WKLY,7,HX,CUDDAPAH,13:33:00,13:35:00,263,MAS,CHENNAI CENTRAL,NSL,NAGARSOL
16003,MAS-NSL WKLY,8,YA,YERRA GUNTLA,14:09:00,14:10:00,303,MAS,CHENNAI CENTRAL,NSL,NAGARSOL
16003,MAS-NSL WKLY,9,TU,TADIPATRI,15:09:00,15:10:00,372,MAS,CHENNAI CENTRAL,NSL,NAGARSOL
16003,MAS-NSL WKLY,10,GY,GOOTY JN.,15:59:00,16:00:00,420,MAS,CHENNAI CENTRAL,NSL,NAGARSOL
16003,MAS-NSL WKLY,11,DHNE,DHONE JN,17:14:00,17:15:00,474,MAS,CHENNAI CENTRAL,NSL,NAGARSOL
16003,MAS-NSL WKLY,12,KRNT,KURNOOL TOWN,18:05:00,18:07:00,528,MAS,CHENNAI CENTRAL,NSL,NAGARSOL
16003,MAS-NSL WKLY,13,GWD,GADWAL,19:12:00,19:13:00,583,MAS,CHENNAI CENTRAL,NSL,NAGARSOL
16003,MAS-NSL WKLY,14,MBNR,MAHBUBNAGAR,20:59:00,21:00:00,658,MAS,CHENNAI CENTRAL,NSL,NAGARSOL
16003,MAS-NSL WKLY,15,KCG,KACHEGUDA,23:25:00,23:40:00,764,MAS,CHENNAI CENTRAL,NSL,NAGARSOL
16003,MAS-NSL WKLY,16,MJF,MALKAJGIRI,0:24:00,0:25:00,773,MAS,CHENNAI CENTRAL,NSL,NAGARSOL
16003,MAS-NSL WKLY,17,KMC,KAMAREDDI,1:45:00,1:46:00,877,MAS,CHENNAI CENTRAL,NSL,NAGARSOL
16003,MAS-NSL WKLY,18,NZB,NIZAMABAD,3:08:00,3:10:00,929,MAS,CHENNAI CENTRAL,NSL,NAGARSOL
16003,MAS-NSL WKLY,19,BSX,BASAR,3:42:00,3:43:00,959,MAS,CHENNAI CENTRAL,NSL,NAGARSOL
16003,MAS-NSL WKLY,20,MUE,MUDKHED JN.,4:45:00,4:47:00,1018,MAS,CHENNAI CENTRAL,NSL,NAGARSOL
16003,MAS-NSL WKLY,21,NED,NANDED,5:10:00,5:15:00,1040,MAS,CHENNAI CENTRAL,NSL,NAGARSOL
16003,MAS-NSL WKLY,22,PAU,PURNA  JN.,5:53:00,5:55:00,1071,MAS,CHENNAI CENTRAL,NSL,NAGARSOL
16003,MAS-NSL WKLY,23,PBN,PARBHANI JN.,6:28:00,6:30:00,1099,MAS,CHENNAI CENTRAL,NSL,NAGARSOL
16003,MAS-NSL WKLY,24,J,JALNA,8:13:00,8:15:00,1214,MAS,CHENNAI CENTRAL,NSL,NAGARSOL
16003,MAS-NSL WKLY,25,AWB,AURANGABAD,9:40:00,9:45:00,1276,MAS,CHENNAI CENTRAL,NSL,NAGARSOL
16003,MAS-NSL WKLY,26,NSL,NAGARSOL,11:55:00,11:55:00,1365,MAS,CHENNAI CENTRAL,NSL,NAGARSOL
16022,MYS-MAS KAVE,1,MYS,MYSORE JN.,20:30:00,20:30:00,0,MYS,MYSORE JN.,MAS,CHENNAI CENTRAL
16022,MYS-MAS KAVE,2,PANP,PANDAVAPURA,20:49:00,20:50:00,19,MYS,MYSORE JN.,MAS,CHENNAI CENTRAL
16022,MYS-MAS KAVE,3,MYA,MANDYA,21:08:00,21:10:00,45,MYS,MYSORE JN.,MAS,CHENNAI CENTRAL
16022,MYS-MAS KAVE,4,MAD,MADDUR,21:29:00,21:30:00,64,MYS,MYSORE JN.,MAS,CHENNAI CENTRAL
16022,MYS-MAS KAVE,5,CPT,CHANNA PATNA,21:44:00,21:45:00,82,MYS,MYSORE JN.,MAS,CHENNAI CENTRAL
16022,MYS-MAS KAVE,6,RMGM,RAMANAGARAM,21:59:00,22:00:00,93,MYS,MYSORE JN.,MAS,CHENNAI CENTRAL
16022,MYS-MAS KAVE,7,KGI,KENGERI,22:23:00,22:35:00,126,MYS,MYSORE JN.,MAS,CHENNAI CENTRAL
16022,MYS-MAS KAVE,8,SBC,KRANTIVIRA S,23:25:00,23:45:00,138,MYS,MYSORE JN.,MAS,CHENNAI CENTRAL
16022,MYS-MAS KAVE,9,BNC,BANGALORE CA,23:55:00,23:57:00,142,MYS,MYSORE JN.,MAS,CHENNAI CENTRAL
16022,MYS-MAS KAVE,10,KJM,KRISHNA RAJA,0:08:00,0:10:00,152,MYS,MYSORE JN.,MAS,CHENNAI CENTRAL
16022,MYS-MAS KAVE,11,WFD,WHITE FIELD,0:23:00,0:24:00,161,MYS,MYSORE JN.,MAS,CHENNAI CENTRAL
16022,MYS-MAS KAVE,12,BWT,BANGARPET JN,1:08:00,1:10:00,208,MYS,MYSORE JN.,MAS,CHENNAI CENTRAL
16022,MYS-MAS KAVE,13,KPN,KUPPAM,1:38:00,1:40:00,242,MYS,MYSORE JN.,MAS,CHENNAI CENTRAL
16022,MYS-MAS KAVE,14,JTJ,JOLARPETTAI,2:50:00,2:55:00,286,MYS,MYSORE JN.,MAS,CHENNAI CENTRAL
16022,MYS-MAS KAVE,15,AB,AMBUR,3:23:00,3:25:00,318,MYS,MYSORE JN.,MAS,CHENNAI CENTRAL
16022,MYS-MAS KAVE,16,KPD,KATPADI JN,4:08:00,4:10:00,370,MYS,MYSORE JN.,MAS,CHENNAI CENTRAL
16022,MYS-MAS KAVE,17,WJR,WALAJAH ROAD,4:33:00,4:35:00,394,MYS,MYSORE JN.,MAS,CHENNAI CENTRAL
16022,MYS-MAS KAVE,18,SHU,SHOLINGUR,4:48:00,4:50:00,409,MYS,MYSORE JN.,MAS,CHENNAI CENTRAL
16022,MYS-MAS KAVE,19,AVN,ANVARDIKANPE,4:58:00,5:00:00,419,MYS,MYSORE JN.,MAS,CHENNAI CENTRAL
16022,MYS-MAS KAVE,20,AJJ,ARAKKONAM JN,5:13:00,5:15:00,430,MYS,MYSORE JN.,MAS,CHENNAI CENTRAL
16022,MYS-MAS KAVE,21,TRL,TIRUVALLUR,5:38:00,5:40:00,457,MYS,MYSORE JN.,MAS,CHENNAI CENTRAL
16022,MYS-MAS KAVE,22,PER,PERAMBUR,6:08:00,6:10:00,493,MYS,MYSORE JN.,MAS,CHENNAI CENTRAL
16022,MYS-MAS KAVE,23,MAS,CHENNAI CENT,7:00:00,7:00:00,499,MYS,MYSORE JN.,MAS,CHENNAI CENTRAL
12508,SCL - TVC EX,1,SCL,SILCHAR,19:55:00,19:55:00,0,SCL,SILCHAR,TVC,TRIVANDRUM CENTRAL
12508,SCL - TVC EX,2,BPB,BADARPUR JN.,20:50:00,21:15:00,29,SCL,SILCHAR,TVC,TRIVANDRUM CENTRAL
12508,SCL - TVC EX,3,NHLG,NEW HALFLONG,23:19:00,23:24:00,100,SCL,SILCHAR,TVC,TRIVANDRUM CENTRAL
12508,SCL - TVC EX,4,MBG,MAIBANG,0:19:00,0:21:00,135,SCL,SILCHAR,TVC,TRIVANDRUM CENTRAL
12508,SCL - TVC EX,5,LMG,LUMDING JN.,1:55:00,2:25:00,199,SCL,SILCHAR,TVC,TRIVANDRUM CENTRAL
12508,SCL - TVC EX,6,HJI,HOJAI,3:20:00,3:22:00,244,SCL,SILCHAR,TVC,TRIVANDRUM CENTRAL
12508,SCL - TVC EX,7,GHY,GUWAHATI,6:00:00,6:20:00,379,SCL,SILCHAR,TVC,TRIVANDRUM CENTRAL
12508,SCL - TVC EX,8,KYQ,KAMAKHYA JN,6:35:00,6:37:00,386,SCL,SILCHAR,TVC,TRIVANDRUM CENTRAL
12508,SCL - TVC EX,9,RNY,RANGIYA JN.,7:15:00,7:20:00,427,SCL,SILCHAR,TVC,TRIVANDRUM CENTRAL
12508,SCL - TVC EX,10,BPRD,BARPETA ROAD,8:17:00,8:19:00,492,SCL,SILCHAR,TVC,TRIVANDRUM CENTRAL
12508,SCL - TVC EX,11,NBQ,NEW BONGAIGA,9:40:00,9:45:00,536,SCL,SILCHAR,TVC,TRIVANDRUM CENTRAL
12508,SCL - TVC EX,12,KOJ,KOKRAJHAR,10:13:00,10:15:00,568,SCL,SILCHAR,TVC,TRIVANDRUM CENTRAL
12508,SCL - TVC EX,13,NOQ,NEW ALIPURDU,11:10:00,11:12:00,646,SCL,SILCHAR,TVC,TRIVANDRUM CENTRAL
12508,SCL - TVC EX,14,NCB,NEW COOCH BE,11:40:00,11:42:00,664,SCL,SILCHAR,TVC,TRIVANDRUM CENTRAL
12508,SCL - TVC EX,15,DQG,DHUPGURI,12:30:00,12:32:00,725,SCL,SILCHAR,TVC,TRIVANDRUM CENTRAL
12508,SCL - TVC EX,16,NJP,NEW JALPAIGU,14:10:00,14:25:00,791,SCL,SILCHAR,TVC,TRIVANDRUM CENTRAL
12508,SCL - TVC EX,17,KNE,KISHANGANJ,15:36:00,15:38:00,878,SCL,SILCHAR,TVC,TRIVANDRUM CENTRAL
12508,SCL - TVC EX,18,MLDT,MALDA TOWN,18:30:00,18:45:00,1023,SCL,SILCHAR,TVC,TRIVANDRUM CENTRAL
12508,SCL - TVC EX,19,PKR,PAKUR,20:03:00,20:04:00,1090,SCL,SILCHAR,TVC,TRIVANDRUM CENTRAL
12508,SCL - TVC EX,20,RPH,RAMPUR HAT,21:03:00,21:05:00,1145,SCL,SILCHAR,TVC,TRIVANDRUM CENTRAL
12508,SCL - TVC EX,21,BHP,BOLPUR,21:53:00,21:58:00,1205,SCL,SILCHAR,TVC,TRIVANDRUM CENTRAL
12508,SCL - TVC EX,22,HWH,HOWRAH JN.,0:45:00,1:05:00,1352,SCL,SILCHAR,TVC,TRIVANDRUM CENTRAL
12508,SCL - TVC EX,23,KGP,KHARAGPUR,2:45:00,3:00:00,1468,SCL,SILCHAR,TVC,TRIVANDRUM CENTRAL
12508,SCL - TVC EX,24,BLS,BALASORE,4:25:00,4:27:00,1589,SCL,SILCHAR,TVC,TRIVANDRUM CENTRAL
12508,SCL - TVC EX,25,BHC,BHADRAKH,5:23:00,5:25:00,1651,SCL,SILCHAR,TVC,TRIVANDRUM CENTRAL
12508,SCL - TVC EX,26,JJKR,JAJPUR KEONJ,5:54:00,5:56:00,1695,SCL,SILCHAR,TVC,TRIVANDRUM CENTRAL
12508,SCL - TVC EX,27,CTC,CUTTACK JN.,6:50:00,6:55:00,1767,SCL,SILCHAR,TVC,TRIVANDRUM CENTRAL
12508,SCL - TVC EX,28,BBS,BHUBANESWAR,7:35:00,7:40:00,1794,SCL,SILCHAR,TVC,TRIVANDRUM CENTRAL
12508,SCL - TVC EX,29,KUR,KHURDA ROAD,8:10:00,8:30:00,1813,SCL,SILCHAR,TVC,TRIVANDRUM CENTRAL
12508,SCL - TVC EX,30,BALU,BALUGAN,9:18:00,9:20:00,1883,SCL,SILCHAR,TVC,TRIVANDRUM CENTRAL
12508,SCL - TVC EX,31,BAM,BERHAMPUR,10:30:00,10:35:00,1959,SCL,SILCHAR,TVC,TRIVANDRUM CENTRAL
12508,SCL - TVC EX,32,PSA,PALASA,12:08:00,12:10:00,2033,SCL,SILCHAR,TVC,TRIVANDRUM CENTRAL
12508,SCL - TVC EX,33,CHE,SRIKAKULAM R,13:03:00,13:05:00,2106,SCL,SILCHAR,TVC,TRIVANDRUM CENTRAL
12508,SCL - TVC EX,34,VZM,VIZIANAGARAM,14:00:00,14:05:00,2175,SCL,SILCHAR,TVC,TRIVANDRUM CENTRAL
12508,SCL - TVC EX,35,VSKP,VISAKHAPATNA,15:30:00,15:50:00,2236,SCL,SILCHAR,TVC,TRIVANDRUM CENTRAL
12508,SCL - TVC EX,36,RJY,RAJAHMUNDRY,18:53:00,18:55:00,2437,SCL,SILCHAR,TVC,TRIVANDRUM CENTRAL
12508,SCL - TVC EX,37,BZA,VIJAYWADA JN,21:40:00,21:45:00,2586,SCL,SILCHAR,TVC,TRIVANDRUM CENTRAL
12508,SCL - TVC EX,38,MAS,CHENNAI CENT,4:30:00,4:55:00,3016,SCL,SILCHAR,TVC,TRIVANDRUM CENTRAL
12508,SCL - TVC EX,39,AJJ,ARAKKONAM JN,5:45:00,5:50:00,3085,SCL,SILCHAR,TVC,TRIVANDRUM CENTRAL
12508,SCL - TVC EX,40,KPD,KATPADI JN,6:35:00,6:40:00,3145,SCL,SILCHAR,TVC,TRIVANDRUM CENTRAL
12508,SCL - TVC EX,41,JTJ,JOLARPETTAI,8:25:00,8:30:00,3229,SCL,SILCHAR,TVC,TRIVANDRUM CENTRAL
12508,SCL - TVC EX,42,SA,SALEM JN.,9:50:00,9:55:00,3348,SCL,SILCHAR,TVC,TRIVANDRUM CENTRAL
12508,SCL - TVC EX,43,ED,ERODE JN.,11:10:00,11:20:00,3407,SCL,SILCHAR,TVC,TRIVANDRUM CENTRAL
12508,SCL - TVC EX,44,TUP,TIRUPPUR,12:03:00,12:05:00,3457,SCL,SILCHAR,TVC,TRIVANDRUM CENTRAL
12508,SCL - TVC EX,45,CBE,COIMBATORE,13:20:00,13:25:00,3508,SCL,SILCHAR,TVC,TRIVANDRUM CENTRAL
12508,SCL - TVC EX,46,PGT,PALAKKAD JN,14:35:00,14:40:00,3562,SCL,SILCHAR,TVC,TRIVANDRUM CENTRAL
12508,SCL - TVC EX,47,TCR,TRICHUR,16:22:00,16:25:00,3638,SCL,SILCHAR,TVC,TRIVANDRUM CENTRAL
12508,SCL - TVC EX,48,AWY,ALWAYE,17:10:00,17:12:00,3693,SCL,SILCHAR,TVC,TRIVANDRUM CENTRAL
12508,SCL - TVC EX,49,ERN,ERNAKULAM TO,17:45:00,17:50:00,3710,SCL,SILCHAR,TVC,TRIVANDRUM CENTRAL
12508,SCL - TVC EX,50,KTYM,KOTTAYAM,19:10:00,19:13:00,3770,SCL,SILCHAR,TVC,TRIVANDRUM CENTRAL
12508,SCL - TVC EX,51,TRVL,TIRUVALLA,19:43:00,19:44:00,3795,SCL,SILCHAR,TVC,TRIVANDRUM CENTRAL
12508,SCL - TVC EX,52,CNGR,CHENGANNUR,19:54:00,19:56:00,3804,SCL,SILCHAR,TVC,TRIVANDRUM CENTRAL
12508,SCL - TVC EX,53,MVLK,MAVELIKARA,20:06:00,20:07:00,3817,SCL,SILCHAR,TVC,TRIVANDRUM CENTRAL
12508,SCL - TVC EX,54,KYJ,KAYANKULAM J,20:16:00,20:18:00,3825,SCL,SILCHAR,TVC,TRIVANDRUM CENTRAL
12508,SCL - TVC EX,55,QLN,QUILON,21:05:00,21:10:00,3866,SCL,SILCHAR,TVC,TRIVANDRUM CENTRAL
12508,SCL - TVC EX,56,TVC,TRIVANDRUM C,22:40:00,22:40:00,3930,SCL,SILCHAR,TVC,TRIVANDRUM CENTRAL
12509,SBC -GHY EXP,1,BNC,BANGALORE CA,23:40:00,23:40:00,0,BNC,BANGALORE CANTT.,GHY,GUWAHATI
12509,SBC -GHY EXP,2,KJM,KRISHNA RAJA,23:51:00,23:53:00,9,BNC,BANGALORE CANTT.,GHY,GUWAHATI
12509,SBC -GHY EXP,3,BWT,BANGARPET JN,0:38:00,0:40:00,65,BNC,BANGALORE CANTT.,GHY,GUWAHATI
12509,SBC -GHY EXP,4,JTJ,JOLARPETTAI,2:05:00,2:10:00,143,BNC,BANGALORE CANTT.,GHY,GUWAHATI
12509,SBC -GHY EXP,5,KPD,KATPADI JN,3:15:00,3:20:00,227,BNC,BANGALORE CANTT.,GHY,GUWAHATI
12509,SBC -GHY EXP,6,AJJ,ARAKKONAM JN,4:08:00,4:10:00,288,BNC,BANGALORE CANTT.,GHY,GUWAHATI
12509,SBC -GHY EXP,7,MAS,CHENNAI CENT,6:05:00,6:30:00,356,BNC,BANGALORE CANTT.,GHY,GUWAHATI
12509,SBC -GHY EXP,8,OGL,ONGOLE,10:49:00,10:50:00,648,BNC,BANGALORE CANTT.,GHY,GUWAHATI
12509,SBC -GHY EXP,9,BZA,VIJAYWADA JN,13:05:00,13:20:00,786,BNC,BANGALORE CANTT.,GHY,GUWAHATI
12509,SBC -GHY EXP,10,RJY,RAJAHMUNDRY,15:27:00,15:29:00,936,BNC,BANGALORE CANTT.,GHY,GUWAHATI
12509,SBC -GHY EXP,11,VSKP,VISAKHAPATNA,19:10:00,19:30:00,1137,BNC,BANGALORE CANTT.,GHY,GUWAHATI
12509,SBC -GHY EXP,12,VZM,VIZIANAGARAM,20:30:00,20:35:00,1197,BNC,BANGALORE CANTT.,GHY,GUWAHATI
12509,SBC -GHY EXP,13,CHE,SRIKAKULAM R,21:30:00,21:32:00,1267,BNC,BANGALORE CANTT.,GHY,GUWAHATI
12509,SBC -GHY EXP,14,PSA,PALASA,22:45:00,22:47:00,1340,BNC,BANGALORE CANTT.,GHY,GUWAHATI
12509,SBC -GHY EXP,15,BAM,BERHAMPUR,23:40:00,23:42:00,1413,BNC,BANGALORE CANTT.,GHY,GUWAHATI
12509,SBC -GHY EXP,16,BALU,BALUGAN,0:37:00,0:39:00,1489,BNC,BANGALORE CANTT.,GHY,GUWAHATI
12509,SBC -GHY EXP,17,KUR,KHURDA ROAD,1:45:00,2:00:00,1560,BNC,BANGALORE CANTT.,GHY,GUWAHATI
12509,SBC -GHY EXP,18,BBS,BHUBANESWAR,2:25:00,2:30:00,1579,BNC,BANGALORE CANTT.,GHY,GUWAHATI
12509,SBC -GHY EXP,19,CTC,CUTTACK JN.,3:00:00,3:05:00,1606,BNC,BANGALORE CANTT.,GHY,GUWAHATI
12509,SBC -GHY EXP,20,JJKR,JAJPUR KEONJ,3:56:00,3:58:00,1678,BNC,BANGALORE CANTT.,GHY,GUWAHATI
12509,SBC -GHY EXP,21,BHC,BHADRAKH,5:33:00,5:35:00,1722,BNC,BANGALORE CANTT.,GHY,GUWAHATI
12509,SBC -GHY EXP,22,BLS,BALASORE,6:20:00,6:22:00,1784,BNC,BANGALORE CANTT.,GHY,GUWAHATI
12509,SBC -GHY EXP,23,KGP,KHARAGPUR,8:15:00,8:30:00,1905,BNC,BANGALORE CANTT.,GHY,GUWAHATI
12509,SBC -GHY EXP,24,SRC,SANTRAGACHI,10:03:00,10:05:00,2013,BNC,BANGALORE CANTT.,GHY,GUWAHATI
12509,SBC -GHY EXP,25,HWH,HOWRAH JN.,10:55:00,11:15:00,2020,BNC,BANGALORE CANTT.,GHY,GUWAHATI
12509,SBC -GHY EXP,26,BHP,BOLPUR,13:18:00,13:23:00,2167,BNC,BANGALORE CANTT.,GHY,GUWAHATI
12509,SBC -GHY EXP,27,RPH,RAMPUR HAT,14:26:00,14:28:00,2227,BNC,BANGALORE CANTT.,GHY,GUWAHATI
12509,SBC -GHY EXP,28,NFK,NEW FARAKKA,16:14:00,16:16:00,2314,BNC,BANGALORE CANTT.,GHY,GUWAHATI
12509,SBC -GHY EXP,29,MLDT,MALDA TOWN,17:15:00,17:30:00,2349,BNC,BANGALORE CANTT.,GHY,GUWAHATI
12509,SBC -GHY EXP,30,BOE,BARSOI JN.,18:40:00,18:42:00,2437,BNC,BANGALORE CANTT.,GHY,GUWAHATI
12509,SBC -GHY EXP,31,KNE,KISHANGANJ,19:30:00,19:32:00,2494,BNC,BANGALORE CANTT.,GHY,GUWAHATI
12509,SBC -GHY EXP,32,NJP,NEW JALPAIGU,21:25:00,21:45:00,2581,BNC,BANGALORE CANTT.,GHY,GUWAHATI
12509,SBC -GHY EXP,33,JPE,JALPAIGURI R,22:30:00,22:32:00,2615,BNC,BANGALORE CANTT.,GHY,GUWAHATI
12509,SBC -GHY EXP,34,DQG,DHUPGURI,23:00:00,23:02:00,2647,BNC,BANGALORE CANTT.,GHY,GUWAHATI
12509,SBC -GHY EXP,35,NCB,NEW COOCH BE,23:55:00,23:57:00,2708,BNC,BANGALORE CANTT.,GHY,GUWAHATI
12509,SBC -GHY EXP,36,NOQ,NEW ALIPURDU,0:18:00,0:20:00,2726,BNC,BANGALORE CANTT.,GHY,GUWAHATI
12509,SBC -GHY EXP,37,KOJ,KOKRAJHAR,1:15:00,1:17:00,2804,BNC,BANGALORE CANTT.,GHY,GUWAHATI
12509,SBC -GHY EXP,38,NBQ,NEW BONGAIGA,2:20:00,2:25:00,2836,BNC,BANGALORE CANTT.,GHY,GUWAHATI
12509,SBC -GHY EXP,39,BPRD,BARPETA ROAD,3:00:00,3:02:00,2880,BNC,BANGALORE CANTT.,GHY,GUWAHATI
12509,SBC -GHY EXP,40,RNY,RANGIYA JN.,4:00:00,4:05:00,2945,BNC,BANGALORE CANTT.,GHY,GUWAHATI
12509,SBC -GHY EXP,41,KYQ,KAMAKHYA JN,5:05:00,5:07:00,2986,BNC,BANGALORE CANTT.,GHY,GUWAHATI
12509,SBC -GHY EXP,42,GHY,GUWAHATI,6:00:00,6:00:00,2992,BNC,BANGALORE CANTT.,GHY,GUWAHATI